Class,Accuracy,Precision,Recall,F1
1,1.0,0.2,1.0,0.33333333333333337
2,0.0,0.0,0.0,0.0
3,0.0,0.0,0.0,0.0
Total,0.2,0.2,0.2,0.20000000000000004
