Class,MAE,Mean_Error_Normalized(%)
1,14.044494382841318,10.54012492815591
2,30.287551437935086,17.159546754587407
3,10.381445389018298,6.401099520402163
Total,20.40357134394407,12.24951331123936
