Iteration	Total loss	Cox loss	KL loss	kl_b_rho loss	mu_b_hat_1	mu_b_hat_2	sigma_b_hat_1	sigma_b_hat_2	alpha_rho_hat_1	alpha_rho_hat_2	beta_rho_hat_1	beta_rho_hat_2	alpha_hat_1	alpha_hat_2	beta_('sensor 1', 1)	beta_('sensor 1', 2)	beta_('sensor 2', 1)	beta_('sensor 2', 2)	gamma_1	gamma_2
29000.0	400.2614440917969	393.3218994140625	3.178053855895996	3.761507034301758	-6.954931735992432	-10.101140975952148	0.12834002077579498	0.12707620859146118	51.3460578918457	20.259090423583984	3661.8603515625	3933.311279296875	1.100000023841858	1.100000023841858	0.019008059054613113	0.015908868983387947	0.01567573845386505	0.014949996955692768	0.30757033824920654	0.9584994316101074
