Iteration	Total loss	Cox loss	KL loss	kl_b_rho loss	mu_b_hat_1	mu_b_hat_2	sigma_b_hat_1	sigma_b_hat_2	alpha_rho_hat_1	alpha_rho_hat_2	beta_rho_hat_1	beta_rho_hat_2	alpha_hat_1	alpha_hat_2	beta_('sensor 1', 1)	beta_('sensor 1', 2)	beta_('sensor 2', 1)	beta_('sensor 2', 2)	gamma_1	gamma_2
26000.0	400.4448547363281	393.51739501953125	3.178053855895996	3.749406576156616	-6.9540205001831055	-10.101797103881836	0.12877298891544342	0.12627972662448883	51.37215042114258	19.370759963989258	3659.964599609375	3799.208251953125	1.100000023841858	1.100000023841858	0.0194218922406435	0.01514405570924282	0.016094351187348366	0.014158032834529877	0.30757033824920654	0.9584994316101074
