Iteration	Total_Loss	fm1_Loss	fm2_Loss	Lambda_hyp_1	Lambda_hyp_2	('sensor 2', 1)_alpha	('sensor 2', 1)_xi	('sensor 2', 1)_sigma	('sensor 2', 2)_alpha	('sensor 2', 2)_xi	('sensor 2', 2)_sigma
55000.0	8341.330078125	2515.57421875	5825.755859375	0.42077115178108215	0.4038185179233551	41.032737731933594	7.911458969116211	0.6743842959403992	38.1175537109375	6.646786212921143	0.5076867341995239
