Iteration	Total_Loss	fm1_Loss	fm2_Loss	fm3_Loss	Lambda_hyp_1	Lambda_hyp_2	Lambda_hyp_3	('P26', 1)_alpha	('P26', 1)_xi	('P26', 1)_sigma	('P26', 2)_alpha	('P26', 2)_xi	('P26', 2)_sigma	('P26', 3)_alpha	('P26', 3)_xi	('P26', 3)_sigma
35000.0	-13490.34375	-3716.97216796875	-5384.80712890625	-4388.564453125	2.517465114593506	3.256354808807373	3.1027274131774902	1.5001592636108398	7.759109020233154	0.004019681364297867	4.5038743019104	26.743602752685547	0.0025834040716290474	2.0786361694335938	4.690438270568848	0.003993077203631401
