Iteration	Total loss	Cox loss	KL loss	kl_b_rho loss	mu_b_hat_1	mu_b_hat_2	sigma_b_hat_1	sigma_b_hat_2	alpha_rho_hat_1	alpha_rho_hat_2	beta_rho_hat_1	beta_rho_hat_2	alpha_hat_1	alpha_hat_2	beta_('sensor 1', 1)	beta_('sensor 1', 2)	beta_('sensor 2', 1)	beta_('sensor 2', 2)	gamma_1	gamma_2
25000.0	400.0063781738281	393.0806884765625	3.178053855895996	3.7476372718811035	-6.9538493156433105	-10.100858688354492	0.1290866732597351	0.1268261820077896	51.38497543334961	18.610679626464844	3659.0712890625	3675.410888671875	1.100000023841858	1.100000023841858	0.019675806164741516	0.015702884644269943	0.016349060460925102	0.014730571769177914	0.30757033824920654	0.9584994316101074
