Iteration	Total_Loss	fm1_Loss	fm2_Loss	fm3_Loss	Lambda_hyp_1	Lambda_hyp_2	Lambda_hyp_3	('P26', 1)_alpha	('P26', 1)_xi	('P26', 1)_sigma	('P26', 2)_alpha	('P26', 2)_xi	('P26', 2)_sigma	('P26', 3)_alpha	('P26', 3)_xi	('P26', 3)_sigma
5000.0	-11523.025390625	-3629.319580078125	-5271.158203125	-2622.54736328125	1.1159759759902954	1.548643708229065	0.11793394386768341	0.776760458946228	1.8316068649291992	0.004004994407296181	2.171746015548706	3.715864896774292	0.0025986824184656143	1.3024295568466187	1.4886466264724731	0.005976783577352762
