Iteration	Total loss	Cox loss	KL loss	kl_b_rho loss	mu_b_hat_1	mu_b_hat_2	sigma_b_hat_1	sigma_b_hat_2	alpha_rho_hat_1	alpha_rho_hat_2	beta_rho_hat_1	beta_rho_hat_2	alpha_hat_1	alpha_hat_2	beta_('sensor 1', 1)	beta_('sensor 1', 2)	beta_('sensor 2', 1)	beta_('sensor 2', 2)	gamma_1	gamma_2
20000.0	399.71044921875	392.8404846191406	3.178053855895996	3.6919281482696533	-6.954751014709473	-10.095819473266602	0.1282183825969696	0.126852884888649	51.34260559082031	8.997786521911621	3662.164306640625	2102.541748046875	1.100000023841858	1.100000023841858	0.01887991465628147	0.015855997800827026	0.015548552386462688	0.014931116253137589	0.30757033824920654	0.9584994316101074
