Class,Accuracy,Precision,Recall,F1
1,0.5,1.0,0.5,0.6666666666666666
2,1.0,0.6666666666666666,1.0,0.8
Total,0.75,0.75,0.75,0.75
