Classifier_Result,Probability_Class_1,Probability_Class_2
1,0.9879237,0.012076378
1,0.94222325,0.057776783
2,5.1810256e-10,1.0
2,1.8423357e-08,1.0
2,7.501844e-05,0.999925
2,0.044137873,0.95586216
1,0.9999962,3.758856e-06
1,0.99578387,0.0042160847
2,0.08239025,0.9176097
1,0.9994722,0.0005277827
2,7.030863e-23,1.0
2,3.24312e-24,1.0
2,1.6941537e-23,1.0
2,9.240688e-25,1.0
2,1.9375824e-24,1.0
2,6.8776185e-22,1.0
2,1.3308938e-22,1.0
2,1.5275271e-20,1.0
2,2.2050004e-26,1.0
2,1.4192737e-19,1.0
