Iteration	Total_Loss	fm1_Loss	fm2_Loss	fm3_Loss	Lambda_hyp_1	Lambda_hyp_2	Lambda_hyp_3	('NL', 1)_alpha	('NL', 1)_xi	('NL', 1)_sigma	('NL', 2)_alpha	('NL', 2)_xi	('NL', 2)_sigma	('NL', 3)_alpha	('NL', 3)_xi	('NL', 3)_sigma
30000.0	-13499.75390625	-3688.23193359375	-5364.6982421875	-4446.82470703125	2.326064348220825	3.3078885078430176	0.8952780365943909	2.2359695434570312	13.960049629211426	0.004180104937404394	2.760676860809326	11.055538177490234	0.0025947727262973785	3.539337158203125	23.44632339477539	0.003848040709272027
