Iteration	Total_Loss	fm1_Loss	fm2_Loss	fm3_Loss	Lambda_hyp_1	Lambda_hyp_2	Lambda_hyp_3	('P26', 1)_alpha	('P26', 1)_xi	('P26', 1)_sigma	('P26', 2)_alpha	('P26', 2)_xi	('P26', 2)_sigma	('P26', 3)_alpha	('P26', 3)_xi	('P26', 3)_sigma
30000.0	-13450.05859375	-3716.548828125	-5382.80908203125	-4350.70166015625	2.467850685119629	3.256354808807373	3.083411931991577	1.5105801820755005	7.7814040184021	0.004010291304439306	4.196715354919434	23.338808059692383	0.0025768675841391087	1.8864768743515015	2.403101682662964	0.003978321328759193
