Iteration	Total loss	Cox loss	KL loss	kl_b_rho loss	mu_b_hat_1	mu_b_hat_2	sigma_b_hat_1	sigma_b_hat_2	alpha_rho_hat_1	alpha_rho_hat_2	beta_rho_hat_1	beta_rho_hat_2	alpha_hat_1	alpha_hat_2	beta_('sensor 1', 1)	beta_('sensor 1', 2)	beta_('sensor 2', 1)	beta_('sensor 2', 2)	gamma_1	gamma_2
18000.0	399.8763427734375	392.9874572753906	3.178053855895996	3.710844039916992	-6.953686237335205	-10.094283103942871	0.12885040044784546	0.12686242163181305	51.376068115234375	6.962591648101807	3659.73779296875	1734.205078125	1.100000023841858	1.100000023841858	0.01947445422410965	0.015879401937127113	0.016140731051564217	0.014969024807214737	0.30757033824920654	0.9584994316101074
