Iteration	Total loss	Cox loss	KL loss	kl_b_rho loss	mu_b_hat_1	mu_b_hat_2	sigma_b_hat_1	sigma_b_hat_2	alpha_rho_hat_1	alpha_rho_hat_2	beta_rho_hat_1	beta_rho_hat_2	alpha_hat_1	alpha_hat_2	beta_('sensor 1', 1)	beta_('sensor 1', 2)	beta_('sensor 2', 1)	beta_('sensor 2', 2)	gamma_1	gamma_2
3000.0	545.241943359375	508.83612060546875	3.178053855895996	33.227760314941406	-6.949710845947266	-8.112181663513184	0.12832869589328766	0.11717939376831055	37.544063568115234	19.806129455566406	2795.343994140625	322.9500732421875	1.100000023841858	1.0999999046325684	0.019033104181289673	-0.006780622992664576	0.015808887779712677	-0.00862039253115654	0.30757033824920654	0.9584994316101074
