Iteration	Total_Loss	fm1_Loss	fm2_Loss	fm3_Loss	Lambda_hyp_1	Lambda_hyp_2	Lambda_hyp_3	('P3', 1)_alpha	('P3', 1)_xi	('P3', 1)_sigma	('P3', 2)_alpha	('P3', 2)_xi	('P3', 2)_sigma	('P3', 3)_alpha	('P3', 3)_xi	('P3', 3)_sigma
15000.0	-13266.970703125	-3687.321044921875	-5284.95849609375	-4294.69091796875	2.4367516040802	1.9965476989746094	0.6601703763008118	1.4115941524505615	7.886101245880127	0.004177228547632694	2.356051445007324	3.930148124694824	0.002586358692497015	4.914883613586426	13.359152793884277	0.003696863306686282
