Iteration	Total_Loss	fm1_Loss	fm2_Loss	fm3_Loss	Lambda_hyp_1	Lambda_hyp_2	Lambda_hyp_3	('P26', 1)_alpha	('P26', 1)_xi	('P26', 1)_sigma	('P26', 2)_alpha	('P26', 2)_xi	('P26', 2)_sigma	('P26', 3)_alpha	('P26', 3)_xi	('P26', 3)_sigma
25000.0	-13351.708984375	-3716.503173828125	-5379.72412109375	-4255.48193359375	2.446756362915039	3.297187328338623	1.2300444841384888	1.5036910772323608	7.761768817901611	0.0040197428315877914	3.911266565322876	18.386512756347656	0.002582579618319869	1.3796722888946533	1.70692777633667	0.003930453211069107
