Iteration	Total_Loss	fm1_Loss	fm2_Loss	fm3_Loss	Lambda_hyp_1	Lambda_hyp_2	Lambda_hyp_3	('T42', 1)_alpha	('T42', 1)_xi	('T42', 1)_sigma	('T42', 2)_alpha	('T42', 2)_xi	('T42', 2)_sigma	('T42', 3)_alpha	('T42', 3)_xi	('T42', 3)_sigma
5000.0	-14065.154296875	-3946.675048828125	-5834.642578125	-4283.8369140625	0.8253089189529419	0.9393172264099121	0.6219298839569092	0.8342075347900391	2.1621837615966797	0.004504716489464045	1.0887702703475952	1.9186874628067017	0.0027543199248611927	1.20843505859375	2.193737745285034	0.004814285784959793
