Iteration	Total loss	Cox loss	KL loss	kl_b_rho loss	mu_b_hat_1	mu_b_hat_2	sigma_b_hat_1	sigma_b_hat_2	alpha_rho_hat_1	alpha_rho_hat_2	beta_rho_hat_1	beta_rho_hat_2	alpha_hat_1	alpha_hat_2	beta_('sensor 1', 1)	beta_('sensor 1', 2)	beta_('sensor 2', 1)	beta_('sensor 2', 2)	gamma_1	gamma_2
21000.0	399.7080993652344	392.838623046875	3.178053855895996	3.6914432048797607	-6.954351425170898	-10.09721565246582	0.12860113382339478	0.1269425004720688	51.36204528808594	10.81928539276123	3660.71875	2410.481689453125	1.100000023841858	1.100000023841858	0.01926654949784279	0.015926571562886238	0.01593460701406002	0.014964465983211994	0.30757033824920654	0.9584994316101074
