Iteration	Total_Loss	fm1_Loss	fm2_Loss	fm3_Loss	Lambda_hyp_1	Lambda_hyp_2	Lambda_hyp_3	('NL', 1)_alpha	('NL', 1)_xi	('NL', 1)_sigma	('NL', 2)_alpha	('NL', 2)_xi	('NL', 2)_sigma	('NL', 3)_alpha	('NL', 3)_xi	('NL', 3)_sigma
10000.0	-13418.11328125	-3673.384765625	-5338.19189453125	-4406.53759765625	2.3061068058013916	3.104935884475708	0.9159602522850037	1.371863603591919	6.180358409881592	0.004197897855192423	2.360400438308716	6.275502681732178	0.002605769084766507	2.2727134227752686	7.435208320617676	0.0038388126995414495
