Iteration	Total_Loss	fm1_Loss	fm2_Loss	fm3_Loss	Lambda_hyp_1	Lambda_hyp_2	Lambda_hyp_3	('NH', 1)_alpha	('NH', 1)_xi	('NH', 1)_sigma	('NH', 2)_alpha	('NH', 2)_xi	('NH', 2)_sigma	('NH', 3)_alpha	('NH', 3)_xi	('NH', 3)_sigma
15000.0	-12985.3125	-3634.772705078125	-5195.1796875	-4155.35986328125	2.475738048553467	0.8726394176483154	0.6513359546661377	1.4477896690368652	6.287708759307861	0.004406407941132784	5.106795310974121	11.933541297912598	0.0025992554146796465	7.19786262512207	11.31739616394043	0.003765059867873788
