Iteration	Total loss	Cox loss	KL loss	kl_b_rho loss	mu_b_hat_1	mu_b_hat_2	sigma_b_hat_1	sigma_b_hat_2	alpha_rho_hat_1	alpha_rho_hat_2	beta_rho_hat_1	beta_rho_hat_2	alpha_hat_1	alpha_hat_2	beta_('sensor 1', 1)	beta_('sensor 1', 2)	beta_('sensor 2', 1)	beta_('sensor 2', 2)	gamma_1	gamma_2
23000.0	399.52398681640625	392.630615234375	3.178053855895996	3.7153432369232178	-6.954464912414551	-10.099691390991211	0.1284039318561554	0.12679727375507355	51.35210418701172	15.467151641845703	3661.41357421875	3173.70361328125	1.100000023841858	1.100000023841858	0.019075224176049232	0.015706973150372505	0.015742376446723938	0.014737791381776333	0.30757033824920654	0.9584994316101074
