Iteration	Total loss	Cox loss	KL loss	kl_b_rho loss	mu_b_hat_1	mu_b_hat_2	sigma_b_hat_1	sigma_b_hat_2	alpha_rho_hat_1	alpha_rho_hat_2	beta_rho_hat_1	beta_rho_hat_2	alpha_hat_1	alpha_hat_2	beta_('sensor 1', 1)	beta_('sensor 1', 2)	beta_('sensor 2', 1)	beta_('sensor 2', 2)	gamma_1	gamma_2
30000.0	399.55120849609375	392.6147155761719	3.178053855895996	3.7584426403045654	-6.954655647277832	-10.101509094238281	0.12830989062786102	0.12666484713554382	51.34716033935547	20.34158706665039	3661.78369140625	3948.698486328125	1.100000023841858	1.100000023841858	0.01897735521197319	0.0155649958178401	0.01564316637814045	0.014607144519686699	0.30757033824920654	0.9584994316101074
