Iteration	Total_Loss	fm1_Loss	fm2_Loss	fm3_Loss	Lambda_hyp_1	Lambda_hyp_2	Lambda_hyp_3	('NH', 1)_alpha	('NH', 1)_xi	('NH', 1)_sigma	('NH', 2)_alpha	('NH', 2)_xi	('NH', 2)_sigma	('NH', 3)_alpha	('NH', 3)_xi	('NH', 3)_sigma
30000.0	-13175.498046875	-3635.36669921875	-5260.458984375	-4279.671875	2.5774645805358887	0.865234375	0.6407527327537537	1.4559028148651123	6.337799549102783	0.004405925050377846	7.534440994262695	25.07645606994629	0.002609019400551915	12.6985445022583	24.138652801513672	0.0037579594645649195
