Class,MAE,Mean_Error_Normalized(%)
1,2.060216898719469,1.3835491312463015
2,3.4558352070195335,1.8161813279038048
3,6.133087866308631,3.621087689622624
Total,4.069129098455886,2.3312903424785776
