Iteration	Total_Loss	fm1_Loss	fm2_Loss	fm3_Loss	Lambda_hyp_1	Lambda_hyp_2	Lambda_hyp_3	('NH', 1)_alpha	('NH', 1)_xi	('NH', 1)_sigma	('NH', 2)_alpha	('NH', 2)_xi	('NH', 2)_sigma	('NH', 3)_alpha	('NH', 3)_xi	('NH', 3)_sigma
10000.0	-12772.416015625	-3633.991943359375	-5126.3037109375	-4012.119873046875	2.452993869781494	0.8812313079833984	0.6215716004371643	1.3763508796691895	5.841423988342285	0.004399751778692007	4.39096212387085	7.738620758056641	0.0025718440301716328	4.6984758377075195	7.3537821769714355	0.003779022488743067
