Iteration	Total loss	Cox loss	KL loss	kl_b_rho loss	mu_b_hat_1	mu_b_hat_2	sigma_b_hat_1	sigma_b_hat_2	alpha_rho_hat_1	alpha_rho_hat_2	beta_rho_hat_1	beta_rho_hat_2	alpha_hat_1	alpha_hat_2	beta_('sensor 1', 1)	beta_('sensor 1', 2)	beta_('sensor 2', 1)	beta_('sensor 2', 2)	gamma_1	gamma_2
16000.0	399.87353515625	393.17724609375	3.178053855895996	3.518249750137329	-6.954740047454834	-10.098163604736328	0.1282476931810379	0.12679685652256012	51.34374237060547	6.598403453826904	3662.049072265625	1469.447998046875	1.100000023841858	1.100000023841858	0.018910830840468407	0.015744827687740326	0.015578962862491608	0.014799396507441998	0.30757033824920654	0.9584994316101074
