Iteration	Total loss	Cox loss	KL loss	kl_b_rho loss	mu_b_hat_1	mu_b_hat_2	sigma_b_hat_1	sigma_b_hat_2	alpha_rho_hat_1	alpha_rho_hat_2	beta_rho_hat_1	beta_rho_hat_2	alpha_hat_1	alpha_hat_2	beta_('sensor 1', 1)	beta_('sensor 1', 2)	beta_('sensor 2', 1)	beta_('sensor 2', 2)	gamma_1	gamma_2
22000.0	400.2704772949219	393.3992919921875	3.178053855895996	3.6931402683258057	-6.954902172088623	-10.099003791809082	0.12820538878440857	0.12649115920066833	51.34013366699219	13.116971015930176	3662.2412109375	2792.458251953125	1.100000023841858	1.100000023841858	0.018866129219532013	0.01536126434803009	0.015534728765487671	0.014429730363190174	0.30757033824920654	0.9584994316101074
