Iteration	Total loss	Cox loss	KL loss	kl_b_rho loss	mu_b_hat_1	mu_b_hat_2	sigma_b_hat_1	sigma_b_hat_2	alpha_rho_hat_1	alpha_rho_hat_2	beta_rho_hat_1	beta_rho_hat_2	alpha_hat_1	alpha_hat_2	beta_('sensor 1', 1)	beta_('sensor 1', 2)	beta_('sensor 2', 1)	beta_('sensor 2', 2)	gamma_1	gamma_2
14000.0	400.53204345703125	394.2352294921875	3.178053855895996	3.1187710762023926	-6.954477787017822	-10.112109184265137	0.12846308946609497	0.12665751576423645	51.3542366027832	7.550905227661133	3661.16552734375	1149.9271240234375	1.100000023841858	1.100000023841858	0.019131803885102272	0.015264426358044147	0.0157985407859087	0.014230980537831783	0.30757033824920654	0.9584994316101074
