Iteration	Total loss	Cox loss	KL loss	kl_b_rho loss	mu_b_hat_1	mu_b_hat_2	sigma_b_hat_1	sigma_b_hat_2	alpha_rho_hat_1	alpha_rho_hat_2	beta_rho_hat_1	beta_rho_hat_2	alpha_hat_1	alpha_hat_2	beta_('sensor 1', 1)	beta_('sensor 1', 2)	beta_('sensor 2', 1)	beta_('sensor 2', 2)	gamma_1	gamma_2
9000.0	421.8755798339844	412.9040832519531	3.178053855895996	5.793455123901367	-6.954568386077881	-9.582719802856445	0.1283809095621109	0.12392663210630417	51.273197174072266	13.225706100463867	3656.7236328125	549.1402587890625	1.100000023841858	1.100000023841858	0.019049514085054398	0.010235820896923542	0.015718253329396248	0.007007353939116001	0.30757033824920654	0.9584994316101074
