Iteration	Total_Loss	fm1_Loss	fm2_Loss	fm3_Loss	Lambda_hyp_1	Lambda_hyp_2	Lambda_hyp_3	('P26', 1)_alpha	('P26', 1)_xi	('P26', 1)_sigma	('P26', 2)_alpha	('P26', 2)_xi	('P26', 2)_sigma	('P26', 3)_alpha	('P26', 3)_xi	('P26', 3)_sigma
15000.0	-11850.2666015625	-3715.536376953125	-5365.953125	-2768.777587890625	2.4825170040130615	3.2738659381866455	0.18872611224651337	1.3609564304351807	6.8998541831970215	0.004019574262201786	3.214848279953003	10.883840560913086	0.0025535058230161667	1.2607730627059937	1.4996767044067383	0.005834226496517658
