Iteration	Total loss	Cox loss	KL loss	kl_b_rho loss	mu_b_hat_1	mu_b_hat_2	sigma_b_hat_1	sigma_b_hat_2	alpha_rho_hat_1	alpha_rho_hat_2	beta_rho_hat_1	beta_rho_hat_2	alpha_hat_1	alpha_hat_2	beta_('sensor 1', 1)	beta_('sensor 1', 2)	beta_('sensor 2', 1)	beta_('sensor 2', 2)	gamma_1	gamma_2
4000.0	527.375	493.9659729003906	3.178053855895996	30.230979919433594	-6.952796459197998	-8.208654403686523	0.1286451369524002	0.11477358639240265	45.201358795166016	19.18660545349121	3275.6845703125	336.90960693359375	1.100000023841858	1.100000023841858	0.019328447058796883	-0.0035444011446088552	0.01603814959526062	-0.007814247161149979	0.30757033824920654	0.9584994316101074
