Iteration	Total_Loss	fm1_Loss	fm2_Loss	fm3_Loss	Lambda_hyp_1	Lambda_hyp_2	Lambda_hyp_3	('P3', 1)_alpha	('P3', 1)_xi	('P3', 1)_sigma	('P3', 2)_alpha	('P3', 2)_xi	('P3', 2)_sigma	('P3', 3)_alpha	('P3', 3)_xi	('P3', 3)_sigma
5000.0	-12616.28515625	-3623.885986328125	-4913.7099609375	-4078.68994140625	0.9588902592658997	1.0587157011032104	0.6217795610427856	0.8749396800994873	2.5945370197296143	0.0041720811277627945	1.4787442684173584	1.5335253477096558	0.004682873375713825	2.3855161666870117	5.3494391441345215	0.003631947562098503
