Iteration	Total_Loss	fm1_Loss	fm2_Loss	fm3_Loss	Lambda_hyp_1	Lambda_hyp_2	Lambda_hyp_3	('T3', 1)_alpha	('T3', 1)_xi	('T3', 1)_sigma	('T3', 2)_alpha	('T3', 2)_xi	('T3', 2)_sigma	('T3', 3)_alpha	('T3', 3)_xi	('T3', 3)_sigma
35000.0	-13317.138671875	-3726.31787109375	-5371.3154296875	-4219.50537109375	2.425487518310547	0.8916994333267212	0.6412757039070129	1.5063130855560303	9.770833015441895	0.004008196294307709	5.886539459228516	24.641660690307617	0.002406998770311475	16.027729034423828	27.74191665649414	0.0040320768021047115
