Unit,RUL
1,14.226133346557617
2,14.889719009399414
3,11.8372163772583
4,14.69852352142334
5,14.779186248779297
6,14.517300605773926
7,14.07174015045166
8,13.79367733001709
9,14.579856872558594
10,15.052414894104004
11,16.102529525756836
12,14.936501502990723
13,12.290581703186035
14,14.881525993347168
15,15.05809497833252
16,15.445770263671875
17,15.214054107666016
18,15.576950073242188
19,14.55403995513916
20,15.79554557800293
