Unit,RUL
1,34.317138671875
2,35.07367706298828
3,33.31681823730469
4,34.95046615600586
5,35.024818420410156
6,34.912086486816406
7,34.3113899230957
8,33.9990119934082
9,34.72664260864258
10,35.096649169921875
11,36.34732437133789
12,35.265350341796875
13,34.01304244995117
14,35.138038635253906
15,35.31722640991211
16,35.69147872924805
17,35.43572235107422
18,35.85799789428711
19,35.00886535644531
20,36.135128021240234
