Unit,RUL
1,62.52106857299805
2,62.75341796875
3,62.509944915771484
4,62.70623779296875
5,62.74951934814453
6,62.68601989746094
7,62.655704498291016
8,62.48258972167969
9,62.631866455078125
10,62.77197265625
11,63.02777099609375
12,62.684783935546875
13,62.6815185546875
14,62.77935791015625
15,62.608734130859375
16,62.81470489501953
17,62.88131332397461
18,62.898834228515625
19,62.61091995239258
20,62.92637252807617
