Unit,RUL
1,72.82140350341797
2,72.82597351074219
3,72.71522521972656
4,72.90147399902344
5,72.88114929199219
6,72.81355285644531
7,72.86892700195312
8,72.76578521728516
9,72.71293640136719
10,72.84956359863281
11,72.92430877685547
12,72.77882385253906
13,72.7562026977539
14,72.85897064208984
15,72.70345306396484
16,72.87618255615234
17,72.77351379394531
18,72.87039947509766
19,72.79205322265625
20,72.87310791015625
