Unit,RUL
1,50.302345275878906
2,50.60194778442383
3,49.798927307128906
4,50.40304946899414
5,50.49213790893555
6,50.355751037597656
7,50.19106674194336
8,50.14020919799805
9,50.47418975830078
10,50.705474853515625
11,51.03675842285156
12,50.486717224121094
13,49.80953598022461
14,50.41425704956055
15,50.49474334716797
16,50.69769287109375
17,50.565940856933594
18,50.74375915527344
19,50.25090408325195
20,50.92268753051758
