Unit,RUL
1,74.88603210449219
2,75.04658508300781
3,74.7989273071289
4,74.94850158691406
5,74.99816131591797
6,74.95820617675781
7,74.8667984008789
8,74.82005310058594
9,74.98409271240234
10,75.06001281738281
11,75.2537612915039
12,75.00611114501953
13,74.80953979492188
14,74.95497131347656
15,74.9984359741211
16,75.10066986083984
17,75.02838134765625
18,75.13363647460938
19,74.91065216064453
20,75.22405242919922
