Unit,RUL
1,115.30391693115234
2,115.3035659790039
3,115.28475952148438
4,115.31608581542969
5,115.31330871582031
6,115.30184936523438
7,115.31134033203125
8,115.29579162597656
9,115.28561401367188
10,115.30941772460938
11,115.32087707519531
12,115.29692077636719
13,115.29305267333984
14,115.31098937988281
15,115.28301239013672
16,115.31484985351562
17,115.29674530029297
18,115.31314849853516
19,115.29975891113281
20,115.31204223632812
