Unit,RUL
1,104.8772964477539
2,104.92645263671875
3,104.87057495117188
4,104.90450286865234
5,104.9166488647461
6,104.89990997314453
7,104.90058135986328
8,104.87321472167969
9,104.90644836425781
10,104.93569946289062
11,104.95112609863281
12,104.89105224609375
13,104.88715362548828
14,104.90473937988281
15,104.87799072265625
16,104.91800689697266
17,104.93017578125
18,104.92831420898438
19,104.8663558959961
20,104.9406967163086
