	CMGP-Cox	NN_joint(ideal)
fm1(51,61)	0.989361697435379	0.5107001803815365
fm2(111,121)	0.7837288355454802	0.16553210988640785
all	0.8865452664904296	0.33811614513397215
