	CMGP-Cox	NN_joint(ideal)
fm1(51,61)	0.5400797367095947	3.23004035949707
fm2(111,121)	1.3218229293823243	9.14177188873291
all	0.9309513330459595	6.18590612411499
