Unit,True_MRL
51,7.718092918395996
52,5.204993724822998
53,9.889781951904297
54,6.890212535858154
55,5.961627006530762
56,6.9005022048950195
57,8.828853607177734
58,9.548670768737793
59,6.154550552368164
60,4.756997585296631
111,27.908554077148438
112,41.224266052246094
113,44.604026794433594
114,42.40235900878906
115,39.92068862915039
116,35.118125915527344
117,38.11067199707031
118,33.84343719482422
119,47.04897689819336
120,31.218856811523438
