Iteration	Total_Loss	fm1_Loss	fm2_Loss	fm3_Loss	Lambda_hyp_1	Lambda_hyp_2	Lambda_hyp_3	('T42', 1)_alpha	('T42', 1)_xi	('T42', 1)_sigma	('T42', 2)_alpha	('T42', 2)_xi	('T42', 2)_sigma	('T42', 3)_alpha	('T42', 3)_xi	('T42', 3)_sigma
10000.0	-14450.318359375	-4010.0302734375	-5891.501953125	-4548.78662109375	1.9468172788619995	0.8420747518539429	0.6296398639678955	1.1154690980911255	4.369348049163818	0.00449347635731101	1.0941565036773682	2.361198902130127	0.0025342958979308605	1.8002055883407593	4.475865364074707	0.003966156393289566
