Iteration	Total_Loss	fm1_Loss	fm2_Loss	fm3_Loss	Lambda_hyp_1	Lambda_hyp_2	Lambda_hyp_3	('P26', 1)_alpha	('P26', 1)_xi	('P26', 1)_sigma	('P26', 2)_alpha	('P26', 2)_xi	('P26', 2)_sigma	('P26', 3)_alpha	('P26', 3)_xi	('P26', 3)_sigma
20000.0	-13267.35546875	-3716.5048828125	-5376.27978515625	-4174.5703125	2.4479475021362305	3.2738659381866455	0.9026516079902649	1.5054943561553955	7.765475273132324	0.004019995220005512	3.6273155212402344	15.007750511169434	0.0026624181773513556	0.9126715660095215	1.5659470558166504	0.004084419924765825
