Iteration	Total_Loss	fm1_Loss	fm2_Loss	fm3_Loss	Lambda_hyp_1	Lambda_hyp_2	Lambda_hyp_3	('P3', 1)_alpha	('P3', 1)_xi	('P3', 1)_sigma	('P3', 2)_alpha	('P3', 2)_xi	('P3', 2)_sigma	('P3', 3)_alpha	('P3', 3)_xi	('P3', 3)_sigma
30000.0	-13435.080078125	-3693.878173828125	-5374.83642578125	-4366.36572265625	2.442023515701294	3.0279345512390137	0.6428453922271729	2.0929195880889893	13.568692207336426	0.0041624270379543304	3.7359282970428467	15.289138793945312	0.00258058775216341	7.714943885803223	26.402523040771484	0.003698554588481784
