Iteration	Total_Loss	fm1_Loss	fm2_Loss	Lambda_hyp_1	Lambda_hyp_2	('sensor 2', 1)_alpha	('sensor 2', 1)_xi	('sensor 2', 1)_sigma	('sensor 2', 2)_alpha	('sensor 2', 2)_xi	('sensor 2', 2)_sigma
85000.0	5541.60498046875	1996.9598388671875	3544.64501953125	0.4416967034339905	0.41417351365089417	69.68192291259766	12.234518051147461	0.6700321435928345	66.6082534790039	11.035981178283691	0.4982340335845947
