Iteration	Total loss	Cox loss	KL loss	kl_b_rho loss	mu_b_hat_1	mu_b_hat_2	sigma_b_hat_1	sigma_b_hat_2	alpha_rho_hat_1	alpha_rho_hat_2	beta_rho_hat_1	beta_rho_hat_2	alpha_hat_1	alpha_hat_2	beta_('sensor 1', 1)	beta_('sensor 1', 2)	beta_('sensor 2', 1)	beta_('sensor 2', 2)	gamma_1	gamma_2
19000.0	399.8473815917969	392.9643249511719	3.178053855895996	3.7050158977508545	-6.954546928405762	-10.095287322998047	0.12859539687633514	0.1266200989484787	51.36014938354492	7.742062091827393	3660.893310546875	1884.842041015625	1.100000023841858	1.100000023841858	0.019261477515101433	0.01562739722430706	0.015929702669382095	0.014688278548419476	0.30757033824920654	0.9584994316101074
