Iteration	Total loss	Cox loss	KL loss	kl_b_rho loss	mu_b_hat_1	mu_b_hat_2	sigma_b_hat_1	sigma_b_hat_2	alpha_rho_hat_1	alpha_rho_hat_2	beta_rho_hat_1	beta_rho_hat_2	alpha_hat_1	alpha_hat_2	beta_('sensor 1', 1)	beta_('sensor 1', 2)	beta_('sensor 2', 1)	beta_('sensor 2', 2)	gamma_1	gamma_2
7000.0	457.5547180175781	439.38995361328125	3.178053855895996	14.986734390258789	-6.954565525054932	-8.85159683227539	0.12840524315834045	0.12021254748106003	50.89971160888672	15.997695922851562	3633.398193359375	428.2730712890625	1.100000023841858	1.100000023841858	0.0190739743411541	0.006124118808656931	0.015744971111416817	-0.0003775321238208562	0.30757033824920654	0.9584994316101074
