Iteration	Total_Loss	fm1_Loss	fm2_Loss	fm3_Loss	Lambda_hyp_1	Lambda_hyp_2	Lambda_hyp_3	('T3', 1)_alpha	('T3', 1)_xi	('T3', 1)_sigma	('T3', 2)_alpha	('T3', 2)_xi	('T3', 2)_sigma	('T3', 3)_alpha	('T3', 3)_xi	('T3', 3)_sigma
25000.0	-13255.15625	-3722.8759765625	-5346.58203125	-4185.69873046875	2.402637004852295	0.8753073215484619	0.6528720259666443	1.3031597137451172	7.337169647216797	0.003999953158199787	4.345148086547852	16.052413940429688	0.0024155681021511555	11.88694953918457	18.82549476623535	0.003997592721134424
