Iteration	Total_Loss	fm1_Loss	fm2_Loss	fm3_Loss	Lambda_hyp_1	Lambda_hyp_2	Lambda_hyp_3	('T3', 1)_alpha	('T3', 1)_xi	('T3', 1)_sigma	('T3', 2)_alpha	('T3', 2)_xi	('T3', 2)_sigma	('T3', 3)_alpha	('T3', 3)_xi	('T3', 3)_sigma
30000.0	-13292.119140625	-3723.4306640625	-5363.3505859375	-4205.337890625	2.401252031326294	0.8834312558174133	0.6469888687133789	1.3318030834197998	7.977774620056152	0.004006510600447655	5.1408281326293945	20.520793914794922	0.002403042744845152	13.919151306152344	22.98689842224121	0.004024968948215246
