Iteration	Total loss	Cox loss	KL loss	kl_b_rho loss	mu_b_hat_1	mu_b_hat_2	sigma_b_hat_1	sigma_b_hat_2	alpha_rho_hat_1	alpha_rho_hat_2	beta_rho_hat_1	beta_rho_hat_2	alpha_hat_1	alpha_hat_2	beta_('sensor 1', 1)	beta_('sensor 1', 2)	beta_('sensor 2', 1)	beta_('sensor 2', 2)	gamma_1	gamma_2
6000.0	481.3552551269531	457.397216796875	3.178053855895996	20.779998779296875	-6.9542036056518555	-8.565942764282227	0.12877099215984344	0.11814272403717041	50.28255081176758	17.259178161621094	3592.496337890625	387.59405517578125	1.100000023841858	1.100000023841858	0.01943187415599823	0.003483448177576065	0.016107188537716866	-0.0038704280741512775	0.30757033824920654	0.9584994316101074
