Iteration	Total_Loss	fm1_Loss	fm2_Loss	fm3_Loss	Lambda_hyp_1	Lambda_hyp_2	Lambda_hyp_3	('T3', 1)_alpha	('T3', 1)_xi	('T3', 1)_sigma	('T3', 2)_alpha	('T3', 2)_xi	('T3', 2)_sigma	('T3', 3)_alpha	('T3', 3)_xi	('T3', 3)_sigma
15000.0	-13061.2890625	-3722.25537109375	-5266.62841796875	-4072.40478515625	2.434554100036621	0.8656136393547058	0.6688841581344604	1.2007489204406738	6.647634506225586	0.003993809223175049	2.7758820056915283	7.793439865112305	0.00240896875038743	8.404930114746094	10.342533111572266	0.0039402199909091
