Iteration	Total_Loss	fm1_Loss	fm2_Loss	fm3_Loss	Lambda_hyp_1	Lambda_hyp_2	Lambda_hyp_3	('T3', 1)_alpha	('T3', 1)_xi	('T3', 1)_sigma	('T3', 2)_alpha	('T3', 2)_xi	('T3', 2)_sigma	('T3', 3)_alpha	('T3', 3)_xi	('T3', 3)_sigma
5000.0	-12127.3525390625	-3666.13037109375	-4926.68408203125	-3534.5380859375	1.3795576095581055	0.8491489887237549	0.6292358040809631	0.8188824653625488	2.5373148918151855	0.004003750625997782	1.3175607919692993	2.1687142848968506	0.0023137747775763273	3.695735216140747	3.3557827472686768	0.00385433342307806
