Iteration	Total loss	Cox loss	KL loss	kl_b_rho loss	mu_b_hat_1	mu_b_hat_2	sigma_b_hat_1	sigma_b_hat_2	alpha_rho_hat_1	alpha_rho_hat_2	beta_rho_hat_1	beta_rho_hat_2	alpha_hat_1	alpha_hat_2	beta_('sensor 1', 1)	beta_('sensor 1', 2)	beta_('sensor 2', 1)	beta_('sensor 2', 2)	gamma_1	gamma_2
27000.0	399.5586242675781	392.6272277832031	3.178053855895996	3.7533695697784424	-6.954818248748779	-10.101334571838379	0.1283135712146759	0.1266593188047409	51.34552001953125	19.833906173706055	3661.90234375	3869.0234375	1.100000023841858	1.100000023841858	0.018980273976922035	0.015562538988888264	0.015648581087589264	0.01460494939237833	0.30757033824920654	0.9584994316101074
