Iteration	Total_Loss	fm1_Loss	fm2_Loss	Lambda_hyp_1	Lambda_hyp_2	('sensor 2', 1)_alpha	('sensor 2', 1)_xi	('sensor 2', 1)_sigma	('sensor 2', 2)_alpha	('sensor 2', 2)_xi	('sensor 2', 2)_sigma
25000.0	41233.34375	9100.0908203125	32133.251953125	0.37246495485305786	0.3906738758087158	13.953145980834961	0.6581934690475464	0.06703396886587143	11.78055477142334	0.7247320413589478	0.041422754526138306
