Iteration	Total_Loss	fm1_Loss	fm2_Loss	Lambda_hyp_1	Lambda_hyp_2	('sensor 2', 1)_alpha	('sensor 2', 1)_xi	('sensor 2', 1)_sigma	('sensor 2', 2)_alpha	('sensor 2', 2)_xi	('sensor 2', 2)_sigma
90000.0	5330.40087890625	1954.7943115234375	3375.606689453125	0.4440256655216217	0.4154951274394989	74.5265884399414	12.934678077697754	0.6697612404823303	71.43174743652344	11.784204483032227	0.49797508120536804
