Iteration	Total_Loss	fm1_Loss	fm2_Loss	fm3_Loss	Lambda_hyp_1	Lambda_hyp_2	Lambda_hyp_3	('P3', 1)_alpha	('P3', 1)_xi	('P3', 1)_sigma	('P3', 2)_alpha	('P3', 2)_xi	('P3', 2)_sigma	('P3', 3)_alpha	('P3', 3)_xi	('P3', 3)_sigma
10000.0	-13067.3798828125	-3663.22412109375	-5183.35107421875	-4220.8046875	1.3235893249511719	1.2874616384506226	0.6564272046089172	1.177691102027893	4.974257469177246	0.004185146186500788	1.6818408966064453	2.0318427085876465	0.0025599184446036816	3.8106186389923096	9.040542602539062	0.003673564875498414
