Iteration	Total loss	Cox loss	KL loss	kl_b_rho loss	mu_b_hat_1	mu_b_hat_2	sigma_b_hat_1	sigma_b_hat_2	alpha_rho_hat_1	alpha_rho_hat_2	beta_rho_hat_1	beta_rho_hat_2	alpha_hat_1	alpha_hat_2	beta_('sensor 1', 1)	beta_('sensor 1', 2)	beta_('sensor 2', 1)	beta_('sensor 2', 2)	gamma_1	gamma_2
11000.0	406.7958679199219	400.28765869140625	3.178053855895996	3.3301758766174316	-6.954715728759766	-10.089068412780762	0.12828698754310608	0.12597207725048065	51.33218765258789	10.582738876342773	3661.05029296875	733.7430419921875	1.100000023841858	1.100000023841858	0.018952956423163414	0.013287079520523548	0.0156192472204566	0.011767793446779251	0.30757033824920654	0.9584994316101074
