Iteration	Total_Loss	fm1_Loss	fm2_Loss	fm3_Loss	Lambda_hyp_1	Lambda_hyp_2	Lambda_hyp_3	('NL', 1)_alpha	('NL', 1)_xi	('NL', 1)_sigma	('NL', 2)_alpha	('NL', 2)_xi	('NL', 2)_sigma	('NL', 3)_alpha	('NL', 3)_xi	('NL', 3)_sigma
20000.0	-13479.509765625	-3680.408203125	-5357.0400390625	-4442.0615234375	2.3407692909240723	3.3078885078430176	0.9046998620033264	1.6666980981826782	9.19827651977539	0.004203401505947113	2.7132577896118164	8.93734073638916	0.0026058789808303118	3.07022762298584	15.959612846374512	0.003827666398137808
