	CMGP-Cox	NN_joint(ideal)	NN_joint(mis)
fm1(51,61)	0.9275768339633942	0.7685971021652221	0.6524524091742933
fm2(111,121)	0.8302817165851593	0.5068188846111298	0.45266264081001284
all	0.8789292752742768	0.637707993388176	0.552557524992153
