	CMGP-Cox	NN_joint(ideal)	NN_joint(mis)
fm1(51,61)	1.1995162963867188	14.625380706787109	13.766252899169922
fm2(111,121)	2.9408294677734377	21.813719177246092	21.758097839355468
all	2.070172882080078	18.219549942016602	17.762175369262696
