Iteration	Total_Loss	fm1_Loss	fm2_Loss	fm3_Loss	Lambda_hyp_1	Lambda_hyp_2	Lambda_hyp_3	('T42', 1)_alpha	('T42', 1)_xi	('T42', 1)_sigma	('T42', 2)_alpha	('T42', 2)_xi	('T42', 2)_sigma	('T42', 3)_alpha	('T42', 3)_xi	('T42', 3)_sigma
25000.0	-14845.673828125	-4031.435546875	-6080.09228515625	-4734.146484375	1.9476813077926636	0.8044247627258301	0.6185964345932007	1.4345448017120361	10.525571823120117	0.004422122612595558	1.9992470741271973	11.449106216430664	0.002601769519969821	3.5789387226104736	16.022357940673828	0.004048390779644251
