Iteration	Total_Loss	fm1_Loss	fm2_Loss	fm3_Loss	Lambda_hyp_1	Lambda_hyp_2	Lambda_hyp_3	('P26', 1)_alpha	('P26', 1)_xi	('P26', 1)_sigma	('P26', 2)_alpha	('P26', 2)_xi	('P26', 2)_sigma	('P26', 3)_alpha	('P26', 3)_xi	('P26', 3)_sigma
10000.0	-11669.9404296875	-3688.246826171875	-5345.9326171875	-2635.7607421875	1.882354497909546	3.2892205715179443	0.12400132417678833	1.0740885734558105	3.7907204627990723	0.0040178680792450905	2.7966012954711914	7.034414291381836	0.0025908981915563345	1.2995409965515137	1.4895036220550537	0.005966083612293005
