Iteration	Total loss	Cox loss	KL loss	kl_b_rho loss	mu_b_hat_1	mu_b_hat_2	sigma_b_hat_1	sigma_b_hat_2	alpha_rho_hat_1	alpha_rho_hat_2	beta_rho_hat_1	beta_rho_hat_2	alpha_hat_1	alpha_hat_2	beta_('sensor 1', 1)	beta_('sensor 1', 2)	beta_('sensor 2', 1)	beta_('sensor 2', 2)	gamma_1	gamma_2
1000.0	1048.4400634765625	1010.4157104492188	3.178053855895996	34.84627151489258	-6.922405242919922	-8.050362586975098	0.1288204938173294	0.11772891134023666	10.280776023864746	19.995357513427734	1017.3629150390625	315.9217529296875	1.0999994277954102	1.0999990701675415	0.019779043272137642	-0.03364698961377144	0.01714145578444004	-0.0333416610956192	0.30757033824920654	0.9584994316101074
