Iteration	Total_Loss	fm1_Loss	fm2_Loss	fm3_Loss	Lambda_hyp_1	Lambda_hyp_2	Lambda_hyp_3	('NL', 1)_alpha	('NL', 1)_xi	('NL', 1)_sigma	('NL', 2)_alpha	('NL', 2)_xi	('NL', 2)_sigma	('NL', 3)_alpha	('NL', 3)_xi	('NL', 3)_sigma
25000.0	-13490.8203125	-3687.9599609375	-5357.8701171875	-4444.99072265625	2.357351779937744	3.3078885078430176	0.905995786190033	2.1582982540130615	13.305164337158203	0.004184380639344454	2.702240228652954	9.153719902038574	0.0026060256641358137	3.3935463428497314	18.855796813964844	0.0038406604435294867
