Iteration	Total_Loss	fm1_Loss	fm2_Loss	fm3_Loss	Lambda_hyp_1	Lambda_hyp_2	Lambda_hyp_3	('P3', 1)_alpha	('P3', 1)_xi	('P3', 1)_sigma	('P3', 2)_alpha	('P3', 2)_xi	('P3', 2)_sigma	('P3', 3)_alpha	('P3', 3)_xi	('P3', 3)_sigma
20000.0	-13369.2119140625	-3692.802734375	-5343.9423828125	-4332.466796875	2.4367516040802	2.9827749729156494	0.6503006219863892	1.826459527015686	11.604220390319824	0.004171040840446949	3.019758939743042	7.135271072387695	0.002583450637757778	5.761083126068115	17.678136825561523	0.003627616912126541
