Iteration	Total loss	Cox loss	KL loss	kl_b_rho loss	mu_b_hat_1	mu_b_hat_2	sigma_b_hat_1	sigma_b_hat_2	alpha_rho_hat_1	alpha_rho_hat_2	beta_rho_hat_1	beta_rho_hat_2	alpha_hat_1	alpha_hat_2	beta_('sensor 1', 1)	beta_('sensor 1', 2)	beta_('sensor 2', 1)	beta_('sensor 2', 2)	gamma_1	gamma_2
28000.0	399.5511474609375	392.6159973144531	3.178053855895996	3.7570977210998535	-6.955014705657959	-10.101435661315918	0.12827438116073608	0.12681058049201965	51.34392547607422	20.101001739501953	3661.986328125	3910.09716796875	1.100000023841858	1.100000023841858	0.01894017867743969	0.01571699231863022	0.015608207322657108	0.014722418040037155	0.30757033824920654	0.9584994316101074
