Iteration	Total loss	Cox loss	KL loss	kl_b_rho loss	mu_b_hat_1	mu_b_hat_2	sigma_b_hat_1	sigma_b_hat_2	alpha_rho_hat_1	alpha_rho_hat_2	beta_rho_hat_1	beta_rho_hat_2	alpha_hat_1	alpha_hat_2	beta_('sensor 1', 1)	beta_('sensor 1', 2)	beta_('sensor 2', 1)	beta_('sensor 2', 2)	gamma_1	gamma_2
17000.0	400.80023193359375	393.9661560058594	3.178053855895996	3.6560425758361816	-6.953928470611572	-10.095678329467773	0.12870267033576965	0.1263335645198822	51.36741256713867	6.5914740562438965	3660.36962890625	1607.669921875	1.100000023841858	1.100000023841858	0.019345270469784737	0.015260836109519005	0.016009723767638206	0.01432875543832779	0.30757033824920654	0.9584994316101074
