Iteration	Total_Loss	fm1_Loss	fm2_Loss	fm3_Loss	Lambda_hyp_1	Lambda_hyp_2	Lambda_hyp_3	('T42', 1)_alpha	('T42', 1)_xi	('T42', 1)_sigma	('T42', 2)_alpha	('T42', 2)_xi	('T42', 2)_sigma	('T42', 3)_alpha	('T42', 3)_xi	('T42', 3)_sigma
20000.0	-14796.4453125	-4029.56640625	-6056.9482421875	-4709.93017578125	1.959842324256897	0.8179264664649963	0.6186153292655945	1.3254058361053467	8.270587921142578	0.004479335620999336	1.796151876449585	7.553415298461914	0.0025462519843131304	2.9389078617095947	11.734415054321289	0.004021706525236368
