Iteration	Total loss	Cox loss	KL loss	kl_b_rho loss	mu_b_hat_1	mu_b_hat_2	sigma_b_hat_1	sigma_b_hat_2	alpha_rho_hat_1	alpha_rho_hat_2	beta_rho_hat_1	beta_rho_hat_2	alpha_hat_1	alpha_hat_2	beta_('sensor 1', 1)	beta_('sensor 1', 2)	beta_('sensor 2', 1)	beta_('sensor 2', 2)	gamma_1	gamma_2
8000.0	437.0681457519531	424.2698974609375	3.178053855895996	9.620214462280273	-6.954824447631836	-9.204530715942383	0.12842628359794617	0.12220444530248642	51.16523361206055	14.626093864440918	3649.7763671875	481.5862731933594	1.100000023841858	1.100000023841858	0.019093308597803116	0.008262992836534977	0.015762392431497574	0.003489818423986435	0.30757033824920654	0.9584994316101074
