Iteration	Total loss	Cox loss	KL loss	kl_b_rho loss	mu_b_hat_1	mu_b_hat_2	sigma_b_hat_1	sigma_b_hat_2	alpha_rho_hat_1	alpha_rho_hat_2	beta_rho_hat_1	beta_rho_hat_2	alpha_hat_1	alpha_hat_2	beta_('sensor 1', 1)	beta_('sensor 1', 2)	beta_('sensor 2', 1)	beta_('sensor 2', 2)	gamma_1	gamma_2
2000.0	558.300537109375	520.0422973632812	3.178054094314575	35.080177307128906	-6.9415130615234375	-8.051664352416992	0.1286396086215973	0.13046884536743164	24.342761993408203	20.22288703918457	1952.4884033203125	314.0946350097656	1.0999997854232788	1.0999995470046997	0.019422970712184906	-0.009221966378390789	0.016367755830287933	-0.009065426886081696	0.30757033824920654	0.9584994316101074
