Iteration	Total_Loss	fm1_Loss	fm2_Loss	Lambda_hyp_1	Lambda_hyp_2	('sensor 2', 1)_alpha	('sensor 2', 1)_xi	('sensor 2', 1)_sigma	('sensor 2', 2)_alpha	('sensor 2', 2)_xi	('sensor 2', 2)_sigma
10000.0	491841.46875	46431.57421875	445409.90625	0.37197989225387573	0.3832685947418213	4.3029279708862305	0.44408929347991943	0.03450069576501846	3.0910017490386963	1.6291027069091797	0.011572728864848614
