Iteration	Total_Loss	fm1_Loss	fm2_Loss	fm3_Loss	Lambda_hyp_1	Lambda_hyp_2	Lambda_hyp_3	('NH', 1)_alpha	('NH', 1)_xi	('NH', 1)_sigma	('NH', 2)_alpha	('NH', 2)_xi	('NH', 2)_sigma	('NH', 3)_alpha	('NH', 3)_xi	('NH', 3)_sigma
5000.0	-12254.31640625	-3599.61474609375	-5003.8779296875	-3650.82373046875	1.269296646118164	0.8697522878646851	0.5783565044403076	1.1061426401138306	3.375009298324585	0.004385675769299269	3.1051025390625	4.4290032386779785	0.002495060907676816	2.734978199005127	3.917170763015747	0.003843071172013879
