Iteration	Total_Loss	fm1_Loss	fm2_Loss	fm3_Loss	Lambda_hyp_1	Lambda_hyp_2	Lambda_hyp_3	('NH', 1)_alpha	('NH', 1)_xi	('NH', 1)_sigma	('NH', 2)_alpha	('NH', 2)_xi	('NH', 2)_sigma	('NH', 3)_alpha	('NH', 3)_xi	('NH', 3)_sigma
25000.0	-13144.2197265625	-3634.667236328125	-5247.26513671875	-4262.287109375	2.4974522590637207	0.8645959496498108	0.6508470177650452	1.4572924375534058	6.363198280334473	0.004363366402685642	6.629157066345215	20.489627838134766	0.0026046568527817726	11.050278663635254	19.905656814575195	0.0037306773010641336
