Iteration	Total_Loss	fm1_Loss	fm2_Loss	fm3_Loss	Lambda_hyp_1	Lambda_hyp_2	Lambda_hyp_3	('NL', 1)_alpha	('NL', 1)_xi	('NL', 1)_sigma	('NL', 2)_alpha	('NL', 2)_xi	('NL', 2)_sigma	('NL', 3)_alpha	('NL', 3)_xi	('NL', 3)_sigma
15000.0	-11975.779296875	-3675.275390625	-3870.70947265625	-4429.794921875	2.3407692909240723	3.3078885078430176	0.9099051356315613	1.432817816734314	6.805092811584473	0.004201177973300219	2.7144854068756104	8.918807029724121	0.025089921429753304	2.6761820316314697	11.645413398742676	0.0038469964638352394
