Iteration	Total loss	Cox loss	KL loss	kl_b_rho loss	mu_b_hat_1	mu_b_hat_2	sigma_b_hat_1	sigma_b_hat_2	alpha_rho_hat_1	alpha_rho_hat_2	beta_rho_hat_1	beta_rho_hat_2	alpha_hat_1	alpha_hat_2	beta_('sensor 1', 1)	beta_('sensor 1', 2)	beta_('sensor 2', 1)	beta_('sensor 2', 2)	gamma_1	gamma_2
12000.0	403.5965270996094	397.3294982910156	3.178053855895996	3.089000701904297	-6.954552173614502	-10.136253356933594	0.1281621903181076	0.12634578347206116	51.33533477783203	9.41502571105957	3661.88134765625	854.2273559570312	1.100000023841858	1.100000023841858	0.018824424594640732	0.014200124889612198	0.015489248558878899	0.012962901964783669	0.30757033824920654	0.9584994316101074
