Iteration	Total_Loss	fm1_Loss	fm2_Loss	Lambda_hyp_1	Lambda_hyp_2	('sensor 2', 1)_alpha	('sensor 2', 1)_xi	('sensor 2', 1)_sigma	('sensor 2', 2)_alpha	('sensor 2', 2)_xi	('sensor 2', 2)_sigma
35000.0	17057.5	3912.95703125	13144.5419921875	0.40545472502708435	0.39702731370925903	22.687551498413086	4.27471399307251	0.6753705143928528	20.004043579101562	3.1293911933898926	0.45843780040740967
