Iteration	Total_Loss	fm1_Loss	fm2_Loss	Lambda_hyp_1	Lambda_hyp_2	('sensor 2', 1)_alpha	('sensor 2', 1)_xi	('sensor 2', 1)_sigma	('sensor 2', 2)_alpha	('sensor 2', 2)_xi	('sensor 2', 2)_sigma
5000.0	1836699.625	507940.75	1328758.875	0.6425884366035461	0.38405469059944153	2.6011765003204346	1.138983964920044	0.034068647772073746	1.7407784461975098	1.669743299484253	0.006816398352384567
