Iteration	Total loss	Cox loss	KL loss	kl_b_rho loss	mu_b_hat_1	mu_b_hat_2	sigma_b_hat_1	sigma_b_hat_2	alpha_rho_hat_1	alpha_rho_hat_2	beta_rho_hat_1	beta_rho_hat_2	alpha_hat_1	alpha_hat_2	beta_('sensor 1', 1)	beta_('sensor 1', 2)	beta_('sensor 2', 1)	beta_('sensor 2', 2)	gamma_1	gamma_2
31000.0	399.7960510253906	392.8543395996094	3.178053855895996	3.7636847496032715	-6.9543609619140625	-10.101316452026367	0.12874607741832733	0.1269870400428772	51.36814498901367	20.398685455322266	3660.306640625	3955.74658203125	1.100000023841858	1.100000023841858	0.019402427598834038	0.01585167832672596	0.016071805730462074	0.01486415509134531	0.30757033824920654	0.9584994316101074
