Iteration	Total loss	Cox loss	KL loss	kl_b_rho loss	mu_b_hat_1	mu_b_hat_2	sigma_b_hat_1	sigma_b_hat_2	alpha_rho_hat_1	alpha_rho_hat_2	beta_rho_hat_1	beta_rho_hat_2	alpha_hat_1	alpha_hat_2	beta_('sensor 1', 1)	beta_('sensor 1', 2)	beta_('sensor 2', 1)	beta_('sensor 2', 2)	gamma_1	gamma_2
15000.0	400.068603515625	393.57421875	3.178053855895996	3.316358804702759	-6.954581260681152	-10.10335636138916	0.12868483364582062	0.12674345076084137	51.36417770385742	6.9366559982299805	3660.537109375	1312.9205322265625	1.100000023841858	1.100000023841858	0.019346747547388077	0.015561966225504875	0.01601487398147583	0.014582823030650616	0.30757033824920654	0.9584994316101074
