	CMGP-Cox	NN_joint(ideal)	NN_joint(mis)
fm1(51,61)	0.9747493863105774	0.6454845622181893	0.6380787635222077
fm2(111,121)	0.8158536288887263	0.38132528178393843	0.40575961768627167
all	0.8953015075996518	0.5134049220010638	0.5219191906042397
