	CMGP-Cox	NN_joint(ideal)	NN_joint(mis)
fm1(51,61)	0.6416847229003906	4.793333625793457	5.105496025085449
fm2(111,121)	1.7653827667236328	8.709093856811524	9.003058624267577
all	1.2035337448120118	6.75121374130249	7.054277324676514
