Iteration	Total_Loss	fm1_Loss	fm2_Loss	fm3_Loss	Lambda_hyp_1	Lambda_hyp_2	Lambda_hyp_3	('NL', 1)_alpha	('NL', 1)_xi	('NL', 1)_sigma	('NL', 2)_alpha	('NL', 2)_xi	('NL', 2)_sigma	('NL', 3)_alpha	('NL', 3)_xi	('NL', 3)_sigma
35000.0	-13508.728515625	-3688.5791015625	-5373.17822265625	-4446.97021484375	2.326064348220825	3.3078887462615967	0.8942641615867615	2.404762029647827	15.08416748046875	0.004134962800890207	3.129040002822876	14.840753555297852	0.00259897718206048	3.615652322769165	24.491220474243164	0.0038578719832003117
