Iteration	Total_Loss	fm1_Loss	fm2_Loss	fm3_Loss	Lambda_hyp_1	Lambda_hyp_2	Lambda_hyp_3	('P3', 1)_alpha	('P3', 1)_xi	('P3', 1)_sigma	('P3', 2)_alpha	('P3', 2)_xi	('P3', 2)_sigma	('P3', 3)_alpha	('P3', 3)_xi	('P3', 3)_sigma
35000.0	-13447.5869140625	-3694.02197265625	-5380.35546875	-4373.2099609375	2.4225313663482666	2.9622581005096436	0.6395174264907837	2.1086337566375732	13.63011646270752	0.004161246120929718	3.9836292266845703	19.63002586364746	0.0025512264110147953	8.841493606567383	30.946697235107422	0.0037301003467291594
