Iteration	Total_Loss	fm1_Loss	fm2_Loss	Lambda_hyp_1	Lambda_hyp_2	('sensor 2', 1)_alpha	('sensor 2', 1)_xi	('sensor 2', 1)_sigma	('sensor 2', 2)_alpha	('sensor 2', 2)_xi	('sensor 2', 2)_sigma
60000.0	7544.88330078125	2373.857421875	5171.02587890625	0.42539000511169434	0.4054791331291199	45.739261627197266	8.630724906921387	0.673252284526825	42.795982360839844	7.484750747680664	0.5057374835014343
