Iteration	Total_Loss	fm1_Loss	fm2_Loss	fm3_Loss	Lambda_hyp_1	Lambda_hyp_2	Lambda_hyp_3	('T3', 1)_alpha	('T3', 1)_xi	('T3', 1)_sigma	('T3', 2)_alpha	('T3', 2)_xi	('T3', 2)_sigma	('T3', 3)_alpha	('T3', 3)_xi	('T3', 3)_sigma
20000.0	-13186.671875	-3722.50341796875	-5318.78369140625	-4145.384765625	2.4082605838775635	0.8675503134727478	0.6626234650611877	1.2569310665130615	7.136401176452637	0.003998593892902136	3.4955599308013916	11.780617713928223	0.00242406502366066	10.270807266235352	14.44085693359375	0.003971126861870289
