Iteration	Total_Loss	fm1_Loss	fm2_Loss	fm3_Loss	Lambda_hyp_1	Lambda_hyp_2	Lambda_hyp_3	('P3', 1)_alpha	('P3', 1)_xi	('P3', 1)_sigma	('P3', 2)_alpha	('P3', 2)_xi	('P3', 2)_sigma	('P3', 3)_alpha	('P3', 3)_xi	('P3', 3)_sigma
25000.0	-13414.3984375	-3694.435546875	-5365.89306640625	-4354.0703125	2.4740748405456543	2.9888405799865723	0.6403575539588928	2.090320587158203	13.55410385131836	0.004161205142736435	3.357175588607788	11.199336051940918	0.0025813549291342497	6.548496246337891	22.055810928344727	0.0036727343685925007
