Class,MAE,Mean_Error_Normalized(%)
1,1.3549648269957792,1.0979023614522145
2,2.7908566376992634,1.6666842559107085
3,2.802268445739304,1.8657327784870674
Total,2.5074822115719138,1.6192773845444626
