Iteration	Total_Loss	fm1_Loss	fm2_Loss	Lambda_hyp_1	Lambda_hyp_2	('sensor 2', 1)_alpha	('sensor 2', 1)_xi	('sensor 2', 1)_sigma	('sensor 2', 2)_alpha	('sensor 2', 2)_xi	('sensor 2', 2)_sigma
65000.0	6940.2705078125	2264.27587890625	4675.99462890625	0.42950040102005005	0.4070170819759369	50.47935104370117	9.365788459777832	0.6726186871528625	47.512611389160156	8.270707130432129	0.503528356552124
