Iteration	Total_Loss	fm1_Loss	fm2_Loss	fm3_Loss	Lambda_hyp_1	Lambda_hyp_2	Lambda_hyp_3	('T3', 1)_alpha	('T3', 1)_xi	('T3', 1)_sigma	('T3', 2)_alpha	('T3', 2)_xi	('T3', 2)_sigma	('T3', 3)_alpha	('T3', 3)_xi	('T3', 3)_sigma
10000.0	-12776.32421875	-3711.623046875	-5154.03955078125	-3910.661865234375	2.332294464111328	0.8642549514770508	0.6587270498275757	1.0335376262664795	4.615167140960693	0.003990842029452324	2.0675885677337646	4.323632717132568	0.002384359249845147	5.9904303550720215	6.490275859832764	0.003933573141694069
