Iteration	Total_Loss	fm1_Loss	fm2_Loss	Lambda_hyp_1	Lambda_hyp_2	('sensor 2', 1)_alpha	('sensor 2', 1)_xi	('sensor 2', 1)_sigma	('sensor 2', 2)_alpha	('sensor 2', 2)_xi	('sensor 2', 2)_sigma
30000.0	26908.10546875	4968.50732421875	21939.59765625	0.40181705355644226	0.3972037732601166	18.290369033813477	3.098339080810547	0.46411871910095215	15.682333946228027	0.7793241739273071	0.07182983309030533
