Iteration	Total loss	Cox loss	KL loss	kl_b_rho loss	mu_b_hat_1	mu_b_hat_2	sigma_b_hat_1	sigma_b_hat_2	alpha_rho_hat_1	alpha_rho_hat_2	beta_rho_hat_1	beta_rho_hat_2	alpha_hat_1	alpha_hat_2	beta_('sensor 1', 1)	beta_('sensor 1', 2)	beta_('sensor 2', 1)	beta_('sensor 2', 2)	gamma_1	gamma_2
5000.0	505.4976501464844	476.29150390625	3.178053855895996	26.028118133544922	-6.954155445098877	-8.354949951171875	0.1281808465719223	0.11617833375930786	48.73118591308594	18.336591720581055	3499.444091796875	357.78985595703125	1.100000023841858	1.100000023841858	0.018844977021217346	0.00010578901128610596	0.015530040487647057	-0.006348026916384697	0.30757033824920654	0.9584994316101074
