Iteration	Total loss	Cox loss	KL loss	kl_b_rho loss	mu_b_hat_1	mu_b_hat_2	sigma_b_hat_1	sigma_b_hat_2	alpha_rho_hat_1	alpha_rho_hat_2	beta_rho_hat_1	beta_rho_hat_2	alpha_hat_1	alpha_hat_2	beta_('sensor 1', 1)	beta_('sensor 1', 2)	beta_('sensor 2', 1)	beta_('sensor 2', 2)	gamma_1	gamma_2
10000.0	412.29986572265625	405.18475341796875	3.178053855895996	3.9370675086975098	-6.954714775085449	-9.904446601867676	0.12830042839050293	0.1252029538154602	51.31407928466797	11.863147735595703	3659.891357421875	632.585693359375	1.100000023841858	1.100000023841858	0.018965011462569237	0.011962998658418655	0.015633966773748398	0.009816913865506649	0.30757033824920654	0.9584994316101074
