Iteration	Total_Loss	fm1_Loss	fm2_Loss	fm3_Loss	Lambda_hyp_1	Lambda_hyp_2	Lambda_hyp_3	('T42', 1)_alpha	('T42', 1)_xi	('T42', 1)_sigma	('T42', 2)_alpha	('T42', 2)_xi	('T42', 2)_sigma	('T42', 3)_alpha	('T42', 3)_xi	('T42', 3)_sigma
15000.0	-14687.947265625	-4027.088134765625	-5996.248046875	-4664.611328125	1.959842324256897	0.8251553773880005	0.6232088804244995	1.243762731552124	7.185613632202148	0.004483205731958151	1.4095076322555542	4.306672096252441	0.0025413306429982185	2.3494575023651123	7.887609481811523	0.003987530246376991
