Iteration	Total loss	Cox loss	KL loss	kl_b_rho loss	mu_b_hat_1	mu_b_hat_2	sigma_b_hat_1	sigma_b_hat_2	alpha_rho_hat_1	alpha_rho_hat_2	beta_rho_hat_1	beta_rho_hat_2	alpha_hat_1	alpha_hat_2	beta_('sensor 1', 1)	beta_('sensor 1', 2)	beta_('sensor 2', 1)	beta_('sensor 2', 2)	gamma_1	gamma_2
13000.0	401.716552734375	395.52154541015625	3.178053855895996	3.0169599056243896	-6.955166816711426	-10.125707626342773	0.12803542613983154	0.12653325498104095	51.328861236572266	8.391545295715332	3662.79296875	994.120849609375	1.100000023841858	1.100000023841858	0.018683576956391335	0.014825114980340004	0.015352709218859673	0.013712846674025059	0.30757033824920654	0.9584994316101074
