Iteration	Total_Loss	fm1_Loss	fm2_Loss	fm3_Loss	Lambda_hyp_1	Lambda_hyp_2	Lambda_hyp_3	('NL', 1)_alpha	('NL', 1)_xi	('NL', 1)_sigma	('NL', 2)_alpha	('NL', 2)_xi	('NL', 2)_sigma	('NL', 3)_alpha	('NL', 3)_xi	('NL', 3)_sigma
5000.0	-13265.7197265625	-3645.307373046875	-5261.6337890625	-4358.7783203125	1.1438630819320679	1.4037411212921143	0.9230544567108154	1.130455493927002	3.8602278232574463	0.004189567174762487	1.7918143272399902	3.3619654178619385	0.00261291884817183	1.7382029294967651	4.098858833312988	0.003835981944575906
