Iteration	Total_Loss	fm1_Loss	fm2_Loss	Lambda_hyp_1	Lambda_hyp_2	('sensor 2', 1)_alpha	('sensor 2', 1)_xi	('sensor 2', 1)_sigma	('sensor 2', 2)_alpha	('sensor 2', 2)_xi	('sensor 2', 2)_sigma
80000.0	5792.7998046875	2046.4228515625	3746.376708984375	0.4391413927078247	0.4123484492301941	64.8542251586914	11.537775039672852	0.6706796884536743	61.80305480957031	10.357287406921387	0.49895140528678894
