Iteration	Total_Loss	fm1_Loss	fm2_Loss	fm3_Loss	Lambda_hyp_1	Lambda_hyp_2	Lambda_hyp_3	('NH', 1)_alpha	('NH', 1)_xi	('NH', 1)_sigma	('NH', 2)_alpha	('NH', 2)_xi	('NH', 2)_sigma	('NH', 3)_alpha	('NH', 3)_xi	('NH', 3)_sigma
35000.0	-12333.283203125	-2777.0	-5264.65087890625	-4291.6318359375	2.605050563812256	0.8782764077186584	0.6328689455986023	1.4451305866241455	6.354795455932617	0.029239801689982414	8.806830406188965	28.53498077392578	0.0025860972236841917	14.51134967803955	28.72785186767578	0.003793454961851239
