Iteration	Total_Loss	fm1_Loss	fm2_Loss	fm3_Loss	Lambda_hyp_1	Lambda_hyp_2	Lambda_hyp_3	('NH', 1)_alpha	('NH', 1)_xi	('NH', 1)_sigma	('NH', 2)_alpha	('NH', 2)_xi	('NH', 2)_sigma	('NH', 3)_alpha	('NH', 3)_xi	('NH', 3)_sigma
20000.0	-13089.931640625	-3634.747314453125	-5228.90478515625	-4226.27978515625	2.4974522590637207	0.8725237846374512	0.657772958278656	1.4537221193313599	6.3498454093933105	0.004409949295222759	6.007993221282959	16.095115661621094	0.0025684048887342215	9.363554000854492	15.60835075378418	0.0037662421818822622
