ID	fm_1_prob	fm_2_prob
51	0.94	0.06
52	0.86	0.14
53	0.8529411764705882	0.14705882352941177
54	0.1	0.9
55	0.7	0.3
56	0.72	0.28
57	0.74	0.26
58	0.92	0.08
59	1.0	0.0
60	0.94	0.06
111	0.0	1.0
112	0.3	0.7
113	0.2619047619047619	0.7380952380952381
114	0.0	1.0
115	0.3	0.7
116	0.02	0.98
117	0.04	0.96
118	0.06	0.94
119	0.02	0.98
120	0.12	0.88
