Iteration	Total loss	Cox loss	KL loss	kl_b_rho loss	mu_b_hat_1	mu_b_hat_2	sigma_b_hat_1	sigma_b_hat_2	alpha_rho_hat_1	alpha_rho_hat_2	beta_rho_hat_1	beta_rho_hat_2	alpha_hat_1	alpha_hat_2	beta_('sensor 1', 1)	beta_('sensor 1', 2)	beta_('sensor 2', 1)	beta_('sensor 2', 2)	gamma_1	gamma_2
24000.0	400.3518371582031	393.444091796875	3.178053855895996	3.7297022342681885	-6.954331398010254	-10.100851058959961	0.12879487872123718	0.12643222510814667	51.37031555175781	17.342235565185547	3660.121826171875	3476.637939453125	1.100000023841858	1.100000023841858	0.019448289647698402	0.015269783325493336	0.016117608174681664	0.014306985773146152	0.30757033824920654	0.9584994316101074
