ID,fm_1_prob,fm_2_prob
51,0.94,0.06
52,0.84,0.16
53,0.9117647058823529,0.08823529411764706
54,0.18,0.82
55,0.76,0.24
56,0.76,0.24
57,0.84,0.16
58,0.9,0.1
59,0.98,0.02
60,0.92,0.08
111,0.02,0.98
112,0.4,0.6
113,0.2857142857142857,0.7142857142857143
114,0.04,0.96
115,0.32,0.68
116,0.06,0.94
117,0.06,0.94
118,0.08,0.92
119,0.08,0.92
120,0.12,0.88
